{"cameraMode":{"drawMode":0,"name":"Shaded","section":"Shading Mode"},"sceneLighting":false,"audioPlay":false,"sceneViewState":{"m_AlwaysRefresh":false,"showFog":false,"showSkybox":false,"showFlares":true,"showImageEffects":true,"showParticleSystems":true,"showVisualEffectGraphs":true,"m_FxEnabled":true},"in2DMode":false,"pivot":{"x":-3.525283098220825,"y":5.884026527404785,"z":0.18996164202690125},"rotation":{"x":0.10188127309083939,"y":0.43217727541923525,"z":-0.04924384877085686,"w":0.8946794867515564},"size":7.092983722686768,"orthographic":false}